index,nameEn,nameKo
1,Newt,영원
2,Turkey,칠면조
3,Ostrich,타조
4,Toad,두꺼비
5,Platypus,오리너구리
6,Shark,상어
7,Frog,개구리
8,Chameleon,카멜레온
9,Flamingo,홍학
10,Snake,뱀
11,Clownfish,흰동가리
12,Duck,오리
13,Seal,물개
14,Penguin,펭귄
15,Sparrow,참새
16,Eagle,독수리
17,Cat,고양이
18,Dog,개
19,Walrus,바다코끼리
20,Crocodile,악어
21,Dragonfly,잠자리
22,Chicken,닭
23,Butterfly,나비
24,Bear,곰
25,Beetle,딱정벌레
26,Salmon,연어
27,Elephant,코끼리
28,Tortoise,육지거북
29,Salamander,도롱뇽
30,Goldfish,금붕어
31,Parrot,앵무새
32,Tuna,참치
33,Ant,개미
34,Cow,소
35,Dolphin,돌고래
36,Donkey,당나귀
37,Whale,고래
38,Horse,말
39,Bat,박쥐
40,Kangaroo,캥거루
41,Bee,벌
42,Gecko,도마뱀붙이(게코)
43,Lion,사자
44,Llama,라마
45,Turtle,거북
46,Owl,올빼미
